feature,assay,biosample,track,tissue_group,mean_abs_shap
SPLICE_SITE_USAGE_muscle_of_arm_usage_UBERON_0001499_polyA_plus_RNA_seq,SPLICE_SITE_USAGE,muscle_of_arm,usage_UBERON_0001499_polyA_plus,Muscle,0.1062459585025514
SPLICE_SITE_USAGE_ascending_aorta_usage_UBERON_0001496_total_RNA_seq,SPLICE_SITE_USAGE,ascending_aorta,usage_UBERON_0001496_total,Heart / vasculature,0.2780174759166728
SPLICE_SITE_USAGE_Purkinje_cell_usage_CL_0000121_polyA_plus_RNA_seq,SPLICE_SITE_USAGE,Purkinje_cell,usage_CL_0000121_polyA_plus,Brain / CNS,0.2249455836085953
CAGE_camera_type_eye_hCAGE_UBERON_0000019,CAGE,camera_type_eye,cage_UBERON_0000019,Eye / sensory,0.2895607152891868
SPLICE_SITE_USAGE_dorsolateral_prefrontal_cortex_usage_UBERON_0009834_total_RNA_seq,SPLICE_SITE_USAGE,dorsolateral_prefrontal_cortex,usage_UBERON_0009834_total,Brain / CNS,0.1171856323778772
SPLICE_SITE_USAGE_testis_usage_UBERON_0000473_total_RNA_seq,SPLICE_SITE_USAGE,testis,usage_UBERON_0000473_total,Reproductive,0.0803866925027365
SPLICE_SITE_USAGE_cerebellum_usage_UBERON_0002037_total_RNA_seq,SPLICE_SITE_USAGE,cerebellum,usage_UBERON_0002037_total,Brain / CNS,0.023952703817981
SPLICE_SITE_USAGE_urinary_bladder_usage_UBERON_0001255_total_RNA_seq,SPLICE_SITE_USAGE,urinary_bladder,usage_UBERON_0001255_total,Kidney / urinary,0.0789378302013252
SPLICE_JUNCTIONS_dorsolateral_prefrontal_cortex_junction_UBERON_0009834_total_RNA_seq,SPLICE_JUNCTIONS,dorsolateral_prefrontal_cortex,junction_UBERON_0009834_total,Brain / CNS,0.0869890285663179
SPLICE_SITE_USAGE_metanephros_usage_UBERON_0000081_total_RNA_seq,SPLICE_SITE_USAGE,metanephros,usage_UBERON_0000081_total,Kidney / urinary,0.0784519611008083
CONTACT_MAPS_H1_hESC_4dn_4DNFI82R42AD,CONTACT_MAPS,H1_hESC,4dn_4DNFI82R42AD,Embryonic / stem,0.2013032391525588
SPLICE_JUNCTIONS_BE2C_junction_EFO_0005725_polyA_plus_RNA_seq,SPLICE_JUNCTIONS,BE2C,junction_EFO_0005725_polyA_plus,Brain / CNS,0.0911345383449959
SPLICE_SITES_nan_acceptor,SPLICE_SITES,nan,acceptor,Other,0.0868523702514966
SPLICE_JUNCTIONS_ascending_aorta_junction_UBERON_0001496_total_RNA_seq,SPLICE_JUNCTIONS,ascending_aorta,junction_UBERON_0001496_total,Heart / vasculature,0.0757162528713327
SPLICE_JUNCTIONS_PFSK_1_junction_EFO_0005234_polyA_plus_RNA_seq,SPLICE_JUNCTIONS,PFSK_1,junction_EFO_0005234_polyA_plus,Brain / CNS,0.1094713939896646
CONTACT_MAPS_skin_fibroblast_4dn_4DNFIMDOXUT8,CONTACT_MAPS,skin_fibroblast,4dn_4DNFIMDOXUT8,Skin,0.0726516623544452
CHIP_HISTONE_iPS_18a_EFO_0007105_Histone_ChIP_seq_H3K9me3,CHIP_HISTONE,iPS_18a_EFO_0007105,H3K9me3,Embryonic / stem,0.0321020237360985
SPLICE_SITE_USAGE_parietal_lobe_usage_UBERON_0001872_total_RNA_seq,SPLICE_SITE_USAGE,parietal_lobe,usage_UBERON_0001872_total,Brain / CNS,0.0954902631106651
SPLICE_JUNCTIONS_testis_junction_UBERON_0000473_polyA_plus_RNA_seq,SPLICE_JUNCTIONS,testis,junction_UBERON_0000473_polyA_plus,Reproductive,0.1695750181525424
CAGE_pancreas_hCAGE_UBERON_0001264,CAGE,pancreas,cage_UBERON_0001264,Liver / digestive,0.0849559459684737
CHIP_HISTONE_neuronal_stem_cell_CL_0000047_Histone_ChIP_seq_H3K9me3,CHIP_HISTONE,neuronal_stem_cell_CL_0000047,H3K9me3,Brain / CNS,0.0424957313451925
SPLICE_JUNCTIONS_spinal_cord_junction_UBERON_0002240_total_RNA_seq,SPLICE_JUNCTIONS,spinal_cord,junction_UBERON_0002240_total,Brain / CNS,0.0316095432631412
SPLICE_JUNCTIONS_Purkinje_cell_junction_CL_0000121_polyA_plus_RNA_seq,SPLICE_JUNCTIONS,Purkinje_cell,junction_CL_0000121_polyA_plus,Brain / CNS,0.0367854823596874
CONTACT_MAPS_HCT116_4dn_4DNFILP99QJS,CONTACT_MAPS,HCT116,4dn_4DNFILP99QJS,Liver / digestive,0.0823106219361368
PROCAP_MCF_10A_ENCSR860TYZ,PROCAP,MCF_10A,ENCSR860TYZ,Reproductive,0.0860077087008003
CONTACT_MAPS_CyT49_4dn_4DNFI2VYSX9M,CONTACT_MAPS,CyT49,4dn_4DNFI2VYSX9M,Embryonic / stem,0.0439715320941079
CAGE_parotid_gland_hCAGE_UBERON_0001831,CAGE,parotid_gland,cage_UBERON_0001831,Liver / digestive,0.0934362650153408
CONTACT_MAPS_H9_4dn_4DNFIRO3DQCO,CONTACT_MAPS,H9,4dn_4DNFIRO3DQCO,Embryonic / stem,0.0830183461263706
CONTACT_MAPS_H1_hESC_4dn_4DNFI6HDY7WZ,CONTACT_MAPS,H1_hESC,4dn_4DNFI6HDY7WZ,Embryonic / stem,0.0737310477638922
SPLICE_SITES_nan_donor,SPLICE_SITES,nan,donor,Other,0.0714406898547962
CAGE_seminal_vesicle_hCAGE_UBERON_0000998,CAGE,seminal_vesicle,cage_UBERON_0000998,Reproductive,0.0702265002353415
DNASE_epidermal_melanocyte_CL_2000000_DNase_seq,DNASE,epidermal_melanocyte_CL_2000000,dnase,Skin,0.1195077697386096
CHIP_TF_HepG2_EFO_0001187_TF_ChIP_seq_RBFOX2,CHIP_TF,HepG2_EFO_0001187,RBFOX2,Liver / digestive,0.0629051993399356
CAGE_neuron_hCAGE_CL_0000540,CAGE,neuron,cage_CL_0000540,Brain / CNS,0.0752475200008968
CHIP_HISTONE_H9_EFO_0003045_Histone_ChIP_seq_H3K9me3,CHIP_HISTONE,H9_EFO_0003045,H3K9me3,Embryonic / stem,0.0280843942730033
CHIP_TF_HepG2_EFO_0001187_TF_ChIP_seq_NR2F1_genetically_modified_insertion_using_CRISPR_targeting_H_sapiens_NR2F1,CHIP_TF,HepG2_EFO_0001187,NR2F1_genetically_modified_insertion_using_CRISPR_targeting_H_sapiens_NR2F1,Liver / digestive,0.046372876510276
SPLICE_JUNCTIONS_kidney_junction_UBERON_0002113_polyA_plus_RNA_seq,SPLICE_JUNCTIONS,kidney,junction_UBERON_0002113_polyA_plus,Kidney / urinary,0.062280392560862
SPLICE_JUNCTIONS_testis_junction_UBERON_0000473_total_RNA_seq,SPLICE_JUNCTIONS,testis,junction_UBERON_0000473_total,Reproductive,0.049445749338406
CHIP_TF_HepG2_EFO_0001187_TF_ChIP_seq_ZC3H13_genetically_modified_insertion_using_CRISPR_targeting_H_sapiens_ZC3H13,CHIP_TF,HepG2_EFO_0001187,ZC3H13_genetically_modified_insertion_using_CRISPR_targeting_H_sapiens_ZC3H13,Liver / digestive,0.1068016102512936
CHIP_TF_HepG2_EFO_0001187_TF_ChIP_seq_POLR2AphosphoS5,CHIP_TF,HepG2_EFO_0001187,POLR2AphosphoS5,Liver / digestive,0.0907946442382811
CAGE_vertebral_mesenchymal_stem_cell_hCAGE_CL_0002572,CAGE,vertebral_mesenchymal_stem_cell,cage_CL_0002572,Connective / mesenchyme,0.0842213599207231
SPLICE_JUNCTIONS_motor_neuron_junction_CL_0000100_total_RNA_seq,SPLICE_JUNCTIONS,motor_neuron,junction_CL_0000100_total,Brain / CNS,0.0715526471623375
DNASE_chondrocyte_CL_0000138_DNase_seq,DNASE,chondrocyte_CL_0000138,dnase,Connective / mesenchyme,0.0960099332591868
CHIP_HISTONE_hepatocyte_CL_0000182_Histone_ChIP_seq_H3K79me2,CHIP_HISTONE,hepatocyte_CL_0000182,H3K79me2,Liver / digestive,0.0525650172646584
CHIP_TF_HepG2_EFO_0001187_TF_ChIP_seq_NR2C2,CHIP_TF,HepG2_EFO_0001187,NR2C2,Liver / digestive,0.0384693335419102
CHIP_HISTONE_K562_EFO_0002067_Histone_ChIP_seq_H3K79me2,CHIP_HISTONE,K562_EFO_0002067,H3K79me2,Blood / immune,0.1204899588953891
SPLICE_SITE_USAGE_BE2C_usage_EFO_0005725_polyA_plus_RNA_seq,SPLICE_SITE_USAGE,BE2C,usage_EFO_0005725_polyA_plus,Brain / CNS,0.0988916626585919
CONTACT_MAPS_CyT49_4dn_4DNFIK3NF6R2,CONTACT_MAPS,CyT49,4dn_4DNFIK3NF6R2,Embryonic / stem,0.0337628638610875
CHIP_HISTONE_neural_cell_CL_0002319_Histone_ChIP_seq_H3K79me2,CHIP_HISTONE,neural_cell_CL_0002319,H3K79me2,Brain / CNS,0.0380689792899612
CHIP_HISTONE_prostate_gland_UBERON_0002367_Histone_ChIP_seq_H3K36me3,CHIP_HISTONE,prostate_gland_UBERON_0002367,H3K36me3,Liver / digestive,0.0802396435375761
CHIP_TF_K562_EFO_0002067_TF_ChIP_seq_BRF2,CHIP_TF,K562_EFO_0002067,BRF2,Blood / immune,0.0788488488866704
CHIP_HISTONE_brain_UBERON_0000955_Histone_ChIP_seq_H3K27me3,CHIP_HISTONE,brain_UBERON_0000955,H3K27me3,Brain / CNS,0.0749247584788206
CHIP_HISTONE_HUES48_EFO_0007083_Histone_ChIP_seq_H3K9me3,CHIP_HISTONE,HUES48_EFO_0007083,H3K9me3,Embryonic / stem,0.0284946230630535
CHIP_TF_HEK293_EFO_0001182_TF_ChIP_seq_ZSCAN4_genetically_modified_insertion_using_site_specific_recombination_targeting_H_sapiens_ZSCAN4,CHIP_TF,HEK293_EFO_0001182,ZSCAN4_genetically_modified_insertion_using_site_specific_recombination_targeting_H_sapiens_ZSCAN4,Other,0.0485995664340749
CHIP_HISTONE_prostate_gland_UBERON_0002367_Histone_ChIP_seq_H3K4me3,CHIP_HISTONE,prostate_gland_UBERON_0002367,H3K4me3,Liver / digestive,0.019240344700936
SPLICE_JUNCTIONS_frontal_cortex_junction_UBERON_0001870_total_RNA_seq,SPLICE_JUNCTIONS,frontal_cortex,junction_UBERON_0001870_total,Brain / CNS,0.0506852337639768
CHIP_HISTONE_stomach_UBERON_0000945_Histone_ChIP_seq_H3K27me3,CHIP_HISTONE,stomach_UBERON_0000945,H3K27me3,Liver / digestive,0.0453291688270679
CAGE_fungiform_papilla_hCAGE_UBERON_0002448,CAGE,fungiform_papilla,cage_UBERON_0002448,Liver / digestive,0.1091764034973386
CHIP_HISTONE_muscle_of_trunk_UBERON_0001774_Histone_ChIP_seq_H3K9me3,CHIP_HISTONE,muscle_of_trunk_UBERON_0001774,H3K9me3,Muscle,0.064897002573046
CHIP_HISTONE_substantia_nigra_UBERON_0002038_Histone_ChIP_seq_H3K4me3,CHIP_HISTONE,substantia_nigra_UBERON_0002038,H3K4me3,Brain / CNS,0.0769392807764114
CHIP_TF_HEK293_EFO_0001182_TF_ChIP_seq_HOXB7_genetically_modified_insertion_using_CRISPR_targeting_H_sapiens_HOXB7,CHIP_TF,HEK293_EFO_0001182,HOXB7_genetically_modified_insertion_using_CRISPR_targeting_H_sapiens_HOXB7,Other,0.0422361464576888
SPLICE_JUNCTIONS_HeLa_S3_junction_EFO_0002791_polyA_plus_RNA_seq,SPLICE_JUNCTIONS,HeLa_S3,junction_EFO_0002791_polyA_plus,Reproductive,0.0766342392545365
DNASE_A549_EFO_0001086_DNase_seq,DNASE,A549_EFO_0001086,dnase,Lung,0.0754981931149168
CHIP_HISTONE_esophagus_squamous_epithelium_UBERON_0006920_Histone_ChIP_seq_H3K27me3,CHIP_HISTONE,esophagus_squamous_epithelium_UBERON_0006920,H3K27me3,Liver / digestive,0.0369675696793575
DNASE_COLO829_EFO_0002140_DNase_seq,DNASE,COLO829_EFO_0002140,dnase,Skin,0.0566973298062235
CHIP_TF_HepG2_EFO_0001187_TF_ChIP_seq_TAF1,CHIP_TF,HepG2_EFO_0001187,TAF1,Liver / digestive,0.0624802375647743
CHIP_HISTONE_amnion_UBERON_0000305_Histone_ChIP_seq_H3K36me3,CHIP_HISTONE,amnion_UBERON_0000305,H3K36me3,Embryonic / stem,0.0391858643700776
DNASE_urothelium_cell_line_EFO_0005913_DNase_seq,DNASE,urothelium_cell_line_EFO_0005913,dnase,Kidney / urinary,0.1138380465551815
CHIP_HISTONE_MM1S_EFO_0005724_Histone_ChIP_seq_H3K27me3,CHIP_HISTONE,MM1S_EFO_0005724,H3K27me3,Blood / immune,0.0630100634005658
CHIP_HISTONE_neuron_CL_0000540_Histone_ChIP_seq_H3K36me3,CHIP_HISTONE,neuron_CL_0000540,H3K36me3,Brain / CNS,0.0809888203976051
SPLICE_JUNCTIONS_occipital_lobe_junction_UBERON_0002021_total_RNA_seq,SPLICE_JUNCTIONS,occipital_lobe,junction_UBERON_0002021_total,Brain / CNS,0.0335991779779752
CHIP_TF_A549_EFO_0001086_TF_ChIP_seq_NR3C1,CHIP_TF,A549_EFO_0001086,NR3C1,Lung,0.0469956474359465
CHIP_TF_A549_EFO_0001086_TF_ChIP_seq_REST,CHIP_TF,A549_EFO_0001086,REST,Lung,0.0304704957761455
PROCAP_endothelial_cell_of_umbilical_vein_ENCSR801ECP,PROCAP,endothelial_cell_of_umbilical_vein,ENCSR801ECP,Heart / vasculature,0.0649336236322184
CHIP_HISTONE_HEK293_EFO_0001182_Histone_ChIP_seq_H3K36me3,CHIP_HISTONE,HEK293_EFO_0001182,H3K36me3,Other,0.0516284417812884
CHIP_HISTONE_VCaP_EFO_0007752_Histone_ChIP_seq_H3K27ac,CHIP_HISTONE,VCaP_EFO_0007752,H3K27ac,Reproductive,0.0435253187708046
CHIP_HISTONE_Panc1_EFO_0002713_Histone_ChIP_seq_H3K36me3,CHIP_HISTONE,Panc1_EFO_0002713,H3K36me3,Liver / digestive,0.0486110950802098
CAGE_neutrophil_LQhCAGE_CL_0000775,CAGE,neutrophil,cage_lq_CL_0000775,Blood / immune,0.0586072914183879
CHIP_HISTONE_fibroblast_of_lung_CL_0002553_Histone_ChIP_seq_H3K79me2,CHIP_HISTONE,fibroblast_of_lung_CL_0002553,H3K79me2,Lung,0.0669652849517668
CHIP_HISTONE_muscle_of_leg_UBERON_0001383_Histone_ChIP_seq_H3K9me3,CHIP_HISTONE,muscle_of_leg_UBERON_0001383,H3K9me3,Muscle,0.0301374829163567
ATAC_central_memory_CD8_positive_alpha_beta_T_cell_CL_0000907_ATAC_seq,ATAC,central_memory_CD8_positive_alpha_beta_T_cell_CL_0000907,atac,Blood / immune,0.0742897328374819
DNASE_mesenteric_fat_pad_UBERON_0015143_DNase_seq,DNASE,mesenteric_fat_pad_UBERON_0015143,dnase,Heart / vasculature,0.1428194440480568
CAGE_umbilical_cord_blood_LQhCAGE_UBERON_0012168,CAGE,umbilical_cord_blood,cage_lq_UBERON_0012168,Blood / immune,0.050759603329046
CONTACT_MAPS_H1_hESC_4dn_4DNFINFQV712,CONTACT_MAPS,H1_hESC,4dn_4DNFINFQV712,Embryonic / stem,0.0233234179724111
CHIP_TF_HepG2_EFO_0001187_TF_ChIP_seq_SYNCRIP,CHIP_TF,HepG2_EFO_0001187,SYNCRIP,Liver / digestive,0.0517637979462345
CONTACT_MAPS_H9_4dn_4DNFIT5YVTLO,CONTACT_MAPS,H9,4dn_4DNFIT5YVTLO,Embryonic / stem,0.0525545118367742
CHIP_TF_HeLa_S3_EFO_0002791_TF_ChIP_seq_E2F1,CHIP_TF,HeLa_S3_EFO_0002791,E2F1,Reproductive,0.0597152223078729
CHIP_HISTONE_neutrophil_CL_0000775_Histone_ChIP_seq_H3K36me3,CHIP_HISTONE,neutrophil_CL_0000775,H3K36me3,Blood / immune,0.0905215480844643
CHIP_TF_HepG2_EFO_0001187_TF_ChIP_seq_ZNF384,CHIP_TF,HepG2_EFO_0001187,ZNF384,Liver / digestive,0.0840147125991128
CHIP_TF_K562_EFO_0002067_TF_ChIP_seq_ATF1_genetically_modified_insertion_using_CRISPR_targeting_H_sapiens_ATF1,CHIP_TF,K562_EFO_0002067,ATF1_genetically_modified_insertion_using_CRISPR_targeting_H_sapiens_ATF1,Blood / immune,0.0337630068555603
CHIP_HISTONE_effector_memory_CD4_positive_alpha_beta_T_cell_CL_0000905_Histone_ChIP_seq_H3K27ac,CHIP_HISTONE,effector_memory_CD4_positive_alpha_beta_T_cell_CL_0000905,H3K27ac,Blood / immune,0.0521571421879045
PROCAP_Calu3_ENCSR797DEF,PROCAP,Calu3,ENCSR797DEF,Lung,0.0284560673564749
SPLICE_JUNCTIONS_diencephalon_junction_UBERON_0001894_total_RNA_seq,SPLICE_JUNCTIONS,diencephalon,junction_UBERON_0001894_total,Brain / CNS,0.0375727885928125
CHIP_HISTONE_HepG2_EFO_0001187_Histone_ChIP_seq_H3K27ac,CHIP_HISTONE,HepG2_EFO_0001187,H3K27ac,Liver / digestive,0.0446847088714929
SPLICE_JUNCTIONS_spinal_cord_junction_UBERON_0002240_polyA_plus_RNA_seq,SPLICE_JUNCTIONS,spinal_cord,junction_UBERON_0002240_polyA_plus,Brain / CNS,0.0405964452442452
CHIP_HISTONE_neural_progenitor_cell_CL_0011020_Histone_ChIP_seq_H4K20me1,CHIP_HISTONE,neural_progenitor_cell_CL_0011020,H4K20me1,Brain / CNS,0.055590157596232
SPLICE_SITE_USAGE_testis_usage_UBERON_0000473_gtex_Testis_polyA_plus_RNA_seq,SPLICE_SITE_USAGE,testis,usage_UBERON_0000473_gtex_Testis_polyA_plus,Reproductive,0.0203043177584519
DNASE_SW480_EFO_0002083_DNase_seq,DNASE,SW480_EFO_0002083,dnase,Liver / digestive,0.0714195496962808
CHIP_HISTONE_peripheral_blood_mononuclear_cell_CL_2000001_Histone_ChIP_seq_H3K4me3,CHIP_HISTONE,peripheral_blood_mononuclear_cell_CL_2000001,H3K4me3,Blood / immune,0.0543466698886536
CHIP_TF_gastroesophageal_sphincter_UBERON_0004550_TF_ChIP_seq_POLR2AphosphoS5,CHIP_TF,gastroesophageal_sphincter_UBERON_0004550,POLR2AphosphoS5,Liver / digestive,0.1442898211061833
CHIP_TF_SK_N_SH_EFO_0003072_TF_ChIP_seq_FOXJ3_genetically_modified_insertion_using_CRISPR_targeting_H_sapiens_FOXJ3,CHIP_TF,SK_N_SH_EFO_0003072,FOXJ3_genetically_modified_insertion_using_CRISPR_targeting_H_sapiens_FOXJ3,Brain / CNS,0.0239838533420538
SPLICE_SITE_USAGE_cerebellum_usage_UBERON_0002037_polyA_plus_RNA_seq,SPLICE_SITE_USAGE,cerebellum,usage_UBERON_0002037_polyA_plus,Brain / CNS,0.0268098193585056
CHIP_HISTONE_HepG2_EFO_0001187_Histone_ChIP_seq_H4K20me1,CHIP_HISTONE,HepG2_EFO_0001187,H4K20me1,Liver / digestive,0.0972744976276387
CHIP_HISTONE_skin_epidermis_UBERON_0001003_Histone_ChIP_seq_H3K27ac,CHIP_HISTONE,skin_epidermis_UBERON_0001003,H3K27ac,Skin,0.0370094130360768
CHIP_HISTONE_SK_N_SH_EFO_0003072_Histone_ChIP_seq_H4K20me1,CHIP_HISTONE,SK_N_SH_EFO_0003072,H4K20me1,Brain / CNS,0.0912456156343512
CHIP_HISTONE_PC_9_EFO_0002847_Histone_ChIP_seq_H3F3A,CHIP_HISTONE,PC_9_EFO_0002847,H3F3A,Lung,0.0367157778312209
CHIP_TF_SK_N_SH_EFO_0003072_TF_ChIP_seq_ZBTB33,CHIP_TF,SK_N_SH_EFO_0003072,ZBTB33,Brain / CNS,0.043614128000147
CAGE_tricuspid_valve_hCAGE_UBERON_0002134,CAGE,tricuspid_valve,cage_UBERON_0002134,Heart / vasculature,0.1414522217612913
CHIP_HISTONE_PC_9_EFO_0002847_Histone_ChIP_seq_H3K9me2,CHIP_HISTONE,PC_9_EFO_0002847,H3K9me2,Lung,0.0807202462001321
CHIP_HISTONE_cardiac_muscle_cell_CL_0000746_Histone_ChIP_seq_H3K36me3,CHIP_HISTONE,cardiac_muscle_cell_CL_0000746,H3K36me3,Heart / vasculature,0.0894301643465438
SPLICE_SITE_USAGE_type_B_pancreatic_cell_usage_CL_0000169_total_RNA_seq,SPLICE_SITE_USAGE,type_B_pancreatic_cell,usage_CL_0000169_total,Liver / digestive,0.0386286743004181
